,Threshold,FMR,FNMR
0,0.4,0.01092896174863388,0.6938775510204082
1,0.5,0.0729483282674772,0.46464646464646464
2,0.6,0.13466334164588528,0.14814814814814814
